単位[MW平均],,,供給力
DATE,TIME,エリア需要,原子力,火力(LNG),火力(石炭),火力(石油),火力(その他),水力,地熱,バイオマス,太陽光発電実績,太陽光出力制御量,風力発電実績,風力出力制御量,揚水,蓄電池,連系線,その他,合計
2026/3/1,0:00,24580,1188,7640,5475,371,1712,694,0,474,0,0,307,0,265,1,6173,280,24580
2026/3/1,0:30,23757,1193,7245,5194,371,1711,704,0,473,0,0,310,0,150,1,6083,322,23757
2026/3/1,1:00,23412,1197,7160,5047,370,1734,629,0,474,0,0,289,0,445,1,5769,297,23412
2026/3/1,1:30,23241,1201,6278,4930,371,1761,617,0,474,0,0,272,0,1445,2,5589,300,23240
2026/3/1,2:00,23284,1206,6102,4827,371,1747,627,0,474,0,0,273,0,1682,2,5669,305,23285
2026/3/1,2:30,23336,1210,6044,4796,371,1697,635,0,474,0,0,263,0,1732,2,5811,302,23337
2026/3/1,3:00,23558,1215,6493,4799,372,1684,553,0,475,0,0,228,0,1959,2,5474,304,23558
2026/3/1,3:30,23614,1219,7062,4868,371,1689,550,0,476,0,0,194,0,1538,2,5352,294,23615
2026/3/1,4:00,23797,1223,7742,5086,371,1653,583,0,475,0,0,187,0,901,2,5267,307,23797
2026/3/1,4:30,23935,1227,8082,5092,371,1679,582,0,475,0,0,183,0,955,2,5007,281,23936
2026/3/1,5:00,24273,1232,8289,5089,372,1720,560,0,474,0,0,210,0,1041,2,4982,303,24274
2026/3/1,5:30,24621,1236,8497,5102,372,1750,573,0,475,0,0,190,0,1483,2,4670,273,24623
2026/3/1,6:00,24902,1240,8673,5189,372,1783,580,0,475,4,0,157,0,1283,3,4870,271,24900
2026/3/1,6:30,24867,1242,8307,5092,371,1704,581,0,477,315,0,155,0,678,1,5701,244,24868
2026/3/1,7:00,25012,1242,7638,4829,368,1596,593,0,475,1795,0,155,0,272,2,5756,292,25013
2026/3/1,7:30,25217,1241,7039,4244,347,1440,579,0,475,3822,0,171,0,84,2,5494,280,25218
2026/3/1,8:00,25459,1240,6269,3916,344,1357,653,0,472,6099,0,171,0,649,0,4005,284,25459
2026/3/1,8:30,26030,1240,6242,3680,344,1355,657,0,472,8326,0,171,0,192,0,3064,287,26030
2026/3/1,9:00,26462,1240,5852,3340,344,1337,624,0,472,10232,0,171,0,-1384,1,3940,293,26462
2026/3/1,9:30,26598,1240,6033,3022,344,1338,617,0,472,11736,0,170,0,-2509,1,3833,302,26599
2026/3/1,10:00,26227,1240,5702,2725,343,1301,593,0,471,12900,0,179,0,-3734,1,4211,295,26227
2026/3/1,10:30,26326,1240,5648,2672,344,1262,590,0,472,13888,0,161,0,-5128,1,4870,305,26325
2026/3/1,11:00,25799,1240,5989,2650,344,1273,531,0,437,13356,993,132,19,-5302,1,4844,304,25799
2026/3/1,11:30,25827,1239,5392,2641,344,1285,544,0,437,14790,140,99,41,-6096,1,4846,307,25829
2026/3/1,12:00,25431,1240,6001,2643,344,1284,568,0,435,13775,1756,152,51,-6169,1,4851,304,25429
2026/3/1,12:30,25395,1239,5939,2639,344,1285,564,0,435,13738,1543,158,25,-6159,1,4911,301,25395
2026/3/1,13:00,25375,1239,5443,2644,344,1303,563,0,435,14518,0,179,0,-6385,1,4793,298,25375
2026/3/1,13:30,24792,1240,5888,2640,345,1319,561,0,435,13413,0,153,0,-6312,1,4814,297,24794
2026/3/1,14:00,24472,1240,6300,2642,344,1331,532,0,435,12033,0,125,0,-5641,1,4832,299,24473
2026/3/1,14:30,24476,1240,6495,2808,345,1343,527,0,435,10318,0,126,0,-4140,1,4681,297,24476
2026/3/1,15:00,24578,1240,6809,3071,344,1337,536,0,435,8327,0,148,0,-2301,1,4335,297,24579
2026/3/1,15:30,24945,1240,7140,3514,345,1333,539,0,436,6054,0,163,0,-607,5,4487,297,24946
2026/3/1,16:00,25467,1239,8088,4166,349,1455,793,0,470,3708,0,151,0,156,9,4589,294,25467
2026/3/1,16:30,26198,1240,9509,4914,370,1642,822,0,471,1723,0,146,0,507,10,4551,293,26198
2026/3/1,17:00,27161,1239,10120,5836,370,1732,947,0,471,398,0,140,0,775,15,4847,271,27161
2026/3/1,17:30,28570,1239,10758,6381,370,1726,965,0,471,2,0,127,0,856,19,5388,266,28568
2026/3/1,18:00,29371,1240,10658,6649,371,1792,982,0,474,0,0,111,0,1012,19,5803,261,29372
2026/3/1,18:30,29603,1240,11166,6771,371,1819,1008,0,474,0,0,130,0,1270,21,5076,258,29604
2026/3/1,19:00,29630,1240,10907,6818,370,1806,1025,0,474,0,0,125,0,1122,23,5459,262,29631
2026/3/1,19:30,29458,1240,10818,6856,370,1792,951,0,474,0,0,117,0,957,16,5601,267,29459
2026/3/1,20:00,29326,1239,10411,6974,371,1799,848,0,475,0,0,115,0,611,14,6194,275,29326
2026/3/1,20:30,29107,1240,10264,6982,371,1797,847,0,476,0,0,149,0,529,12,6147,292,29106
2026/3/1,21:00,28544,1240,10085,6985,370,1794,833,0,476,0,0,154,0,357,5,5957,288,28544
2026/3/1,21:30,27742,1240,9458,6981,371,1779,810,0,476,0,0,145,0,323,2,5850,307,27742
2026/3/1,22:00,26899,1240,9518,6981,371,1770,577,0,476,0,0,143,0,113,2,5408,301,26900
2026/3/1,22:30,26007,1240,8941,6983,370,1786,551,0,476,0,0,138,0,0,1,5210,310,26006
2026/3/1,23:00,25505,1240,8332,7051,371,1776,498,0,476,0,0,137,0,0,0,5330,294,25505
2026/3/1,23:30,24633,1134,7666,6551,371,1783,485,0,476,0,0,145,0,0,0,5716,306,24633
2026/3/2,0:00,23949,1035,8096,6122,370,1743,539,0,472,0,0,170,0,0,3,5133,265,23948
2026/3/2,0:30,23057,1040,7768,5743,370,1617,549,0,472,0,0,166,0,0,2,5018,310,23055
2026/3/2,1:00,22917,1040,8068,5566,371,1607,567,0,472,0,0,140,0,0,0,4759,327,22917
2026/3/2,1:30,22853,1040,7977,5560,371,1607,569,0,472,0,0,152,0,0,0,4773,333,22854
2026/3/2,2:00,22839,1040,8223,5564,370,1565,508,0,472,0,0,143,0,0,2,4615,337,22839
2026/3/2,2:30,23058,1040,8702,5598,371,1426,502,0,472,0,0,157,0,0,1,4459,331,23059
2026/3/2,3:00,23317,1040,8794,5775,370,1449,519,0,474,0,0,147,0,0,1,4415,332,23316
2026/3/2,3:30,23483,1040,8566,6116,371,1378,513,0,474,0,0,172,0,0,0,4533,321,23484
2026/3/2,4:00,23809,1040,8991,6398,370,1350,606,0,474,0,0,163,0,0,0,4099,318,23809
2026/3/2,4:30,24301,1039,9065,6676,370,1352,609,0,474,0,0,173,0,0,0,4252,289,24299
2026/3/2,5:00,25076,1042,10030,6827,371,1378,609,0,472,0,0,158,0,0,0,3898,292,25077
2026/3/2,5:30,25973,1048,10645,6826,371,1370,613,0,473,0,0,160,0,0,0,4214,253,25973
2026/3/2,6:00,27641,1053,12344,6827,371,1403,666,0,473,6,0,138,0,0,0,4084,274,27639
2026/3/2,6:30,28891,1059,12767,6871,377,1415,695,0,476,211,0,165,0,0,0,4625,230,28891
2026/3/2,7:00,30306,1064,12489,6896,380,1321,927,0,475,852,0,168,0,0,3,5535,197,30307
2026/3/2,7:30,31589,1069,12513,6894,380,1084,917,0,471,1780,0,151,0,0,3,6160,166,31588
2026/3/2,8:00,33322,1075,12869,6898,379,1041,1014,0,470,2864,0,144,0,0,1,6408,160,33323
2026/3/2,8:30,34869,1080,13216,6897,380,1058,936,0,469,4054,0,103,0,0,0,6498,178,34869
2026/3/2,9:00,35730,1086,13208,6897,379,1081,858,0,468,5061,0,105,0,0,0,6385,202,35730
2026/3/2,9:30,35851,1091,12601,6897,379,1134,847,0,468,5930,0,109,0,-82,0,6252,225,35851
2026/3/2,10:00,35443,1096,12420,6705,379,1093,780,0,464,6894,0,99,0,-1133,0,6401,244,35442
2026/3/2,10:30,35584,1102,12454,6606,380,1161,778,0,467,7831,0,91,0,-1828,0,6273,268,35583
2026/3/2,11:00,35264,1107,11998,6587,380,1164,699,0,469,8328,0,88,0,-2001,0,6171,273,35263
2026/3/2,11:30,35050,1112,11998,6522,378,1104,703,0,466,8704,0,79,0,-2301,0,6005,281,35051
2026/3/2,12:00,33900,1117,12666,6447,383,1092,578,0,468,8517,0,88,0,-2702,0,4969,276,33899
2026/3/2,12:30,33557,1123,11885,6485,385,1098,586,0,467,8453,0,79,0,-2998,0,5717,277,33557
2026/3/2,13:00,34814,1128,12971,6508,384,1119,579,0,466,8234,0,75,0,-2527,2,5595,279,34813
2026/3/2,13:30,34926,1134,13043,6650,415,1082,572,0,466,7071,0,76,0,-1826,4,5958,281,34926
2026/3/2,14:00,34715,1139,13050,6893,459,1103,569,0,463,5772,0,77,0,-1512,4,6406,290,34713
2026/3/2,14:30,34692,1144,13610,6897,459,1138,574,0,463,4814,0,75,0,-1115,4,6339,289,34691
2026/3/2,15:00,34705,1150,13806,6897,459,1140,908,0,464,3761,0,69,0,-436,2,6197,288,34705
2026/3/2,15:30,35025,1155,15336,6893,490,1109,918,0,465,2515,0,73,0,33,2,5749,286,35024
2026/3/2,16:00,35048,1161,16306,6898,489,1071,926,0,467,1356,0,69,0,206,11,5809,279,35048
2026/3/2,16:30,35303,1166,17235,6893,489,1057,955,0,468,601,0,68,0,611,18,5474,267,35302
2026/3/2,17:00,35718,1172,18237,6896,490,1033,1005,0,470,133,0,69,0,931,28,5005,251,35720
2026/3/2,17:30,36387,1177,18799,6894,490,1024,1007,0,470,1,0,71,0,1218,24,4972,241,36388
2026/3/2,18:00,36432,1182,19029,6894,490,1064,1029,0,476,0,0,77,0,1219,24,4719,229,36432
2026/3/2,18:30,36176,1187,18933,6896,489,1032,1031,0,473,0,0,68,0,1344,20,4466,235,36174
2026/3/2,19:00,35698,1193,18400,6891,490,1002,1047,0,474,0,0,72,0,1159,21,4721,230,35700
2026/3/2,19:30,35155,1198,18084,6894,489,1078,1091,0,478,0,0,91,0,708,11,4797,236,35155
2026/3/2,20:00,34532,1204,17830,6895,490,1061,1078,0,479,0,0,104,0,421,10,4714,246,34532
2026/3/2,20:30,34021,1209,17297,6893,490,1066,1070,0,480,0,0,102,0,453,3,4704,253,34020
2026/3/2,21:00,33120,1215,16722,6892,489,1034,1049,0,479,0,0,102,0,561,1,4312,265,33121
2026/3/2,21:30,32092,1220,15334,6893,489,1030,1023,0,479,0,0,106,0,659,0,4581,278,32092
2026/3/2,22:00,31274,1225,14827,6893,486,1027,994,0,479,0,0,114,0,667,0,4275,286,31273
2026/3/2,22:30,30192,1228,13617,6892,450,1101,960,0,479,0,0,114,0,631,0,4418,302,30192
2026/3/2,23:00,29193,1232,13269,6895,452,1211,608,0,476,0,0,117,0,423,0,4221,289,29193
2026/3/2,23:30,28014,1235,12621,6893,450,1188,596,0,476,0,0,124,0,56,0,4064,311,28014
2026/3/3,0:00,26914,1238,12388,6894,413,1214,590,0,473,0,0,122,0,0,0,3324,258,26914
2026/3/3,0:30,25988,1241,12067,6893,371,1254,594,0,473,0,0,131,0,-104,1,2757,309,25987
2026/3/3,1:00,25488,1244,11101,6892,370,1307,568,0,473,0,0,141,0,-128,1,3199,321,25489
2026/3/3,1:30,25420,1248,11175,6896,370,1353,574,0,473,0,0,141,0,-127,0,2987,331,25421
2026/3/3,2:00,25258,1251,11000,6895,371,1376,587,0,473,0,0,141,0,-126,1,2955,334,25258
2026/3/3,2:30,25400,1254,11405,6893,370,1331,609,0,473,0,0,138,0,-10,0,2604,333,25400
2026/3/3,3:00,25559,1257,11629,6895,371,1323,611,0,475,0,0,143,0,0,0,2522,334,25560
2026/3/3,3:30,25650,1260,11639,6891,371,1347,608,0,475,0,0,148,0,0,0,2586,324,25649
2026/3/3,4:00,25934,1261,11791,6891,370,1316,641,0,475,0,0,147,0,0,0,2724,317,25933
2026/3/3,4:30,26259,1261,12096,6896,370,1292,645,0,475,0,0,158,0,0,0,2777,288,26258
2026/3/3,5:00,27116,1261,12710,6893,370,1255,858,0,474,0,0,163,0,0,0,2820,312,27116
2026/3/3,5:30,28007,1261,13093,6896,370,1238,861,0,476,0,0,172,0,0,0,3368,271,28006
2026/3/3,6:00,29669,1262,14470,6893,371,1283,970,0,476,8,0,182,0,0,0,3466,288,29669
2026/3/3,6:30,31319,1267,15634,6896,375,1271,985,0,480,136,0,194,0,0,0,3833,247,31318
2026/3/3,7:00,32794,1272,16471,6893,379,1266,1030,0,479,233,0,203,0,0,0,4354,212,32792
2026/3/3,7:30,34375,1276,17535,6896,378,1281,1023,0,475,434,0,191,0,0,1,4699,186,34375
2026/3/3,8:00,36685,1281,19200,6895,379,1324,1039,0,474,674,0,197,0,0,4,5053,165,36685
2026/3/3,8:30,38846,1285,20541,6897,379,1363,1044,0,473,741,0,190,0,145,4,5608,175,38845
2026/3/3,9:00,40161,1291,21176,6895,379,1370,1041,0,470,762,0,193,0,383,15,6001,185,40161
2026/3/3,9:30,40661,1296,21439,6896,379,1344,1005,0,471,798,0,191,0,508,9,6114,211,40661
2026/3/3,10:00,40569,1301,21606,6897,379,1329,883,0,466,871,0,186,0,440,4,5991,216,40569
2026/3/3,10:30,40426,1306,21317,6896,378,1326,887,0,469,1011,0,196,0,258,2,6137,242,40425
2026/3/3,11:00,40389,1313,21537,6896,379,1309,673,0,472,1150,0,196,0,35,0,6187,243,40390
2026/3/3,11:30,40237,1318,21392,6896,379,1290,655,0,469,1236,0,191,0,0,0,6159,252,40237
2026/3/3,12:00,38995,1319,20949,6897,378,1302,686,0,471,1262,0,195,0,0,0,5290,247,38996
2026/3/3,12:30,38595,1319,20183,6897,379,1381,688,0,471,1425,0,194,0,0,0,5400,258,38595
2026/3/3,13:00,39722,1319,21623,6896,398,1421,686,0,469,1478,0,196,0,0,0,4982,253,39721
2026/3/3,13:30,39646,1319,21624,6898,443,1390,636,0,469,1429,0,194,0,21,0,4974,249,39646
2026/3/3,14:00,39569,1319,22211,6895,459,1393,607,0,466,1511,0,192,0,247,0,4019,251,39570
2026/3/3,14:30,39705,1319,22804,6896,460,1367,600,0,467,1451,0,192,0,184,2,3718,246,39706
2026/3/3,15:00,39906,1319,22839,6895,458,1351,911,0,467,1165,0,195,0,0,0,4076,230,39906
2026/3/3,15:30,40065,1319,23514,6897,459,1328,922,0,471,701,0,177,0,103,3,3946,225,40065
2026/3/3,16:00,40481,1319,23738,6895,490,1308,964,0,477,399,0,164,0,700,16,3785,225,40480
2026/3/3,16:30,40824,1319,23949,6898,491,1282,976,0,483,175,0,178,0,934,17,3918,204,40824
2026/3/3,17:00,41004,1319,24005,6897,491,1242,996,0,486,45,0,187,0,1043,22,4082,188,41003
2026/3/3,17:30,41339,1320,24010,6895,491,1292,1003,0,488,1,0,190,0,1055,21,4395,178,41339
2026/3/3,18:00,41285,1320,23733,6895,491,1369,1007,0,500,0,0,194,0,1046,18,4536,176,41285
2026/3/3,18:30,41144,1320,23589,6896,491,1343,1008,0,501,0,0,193,0,932,20,4673,178,41144
2026/3/3,19:00,40596,1320,23373,6895,490,1364,1038,0,503,0,0,182,0,654,15,4588,174,40596
2026/3/3,19:30,40095,1320,23048,6897,490,1381,1054,0,506,0,0,189,0,148,8,4870,184,40095
2026/3/3,20:00,39476,1320,22461,6760,489,1353,1069,0,509,0,0,206,0,120,8,4976,206,39477
2026/3/3,20:30,38808,1320,21932,6669,489,1365,1077,0,511,0,0,194,0,120,3,4912,216,38808
2026/3/3,21:00,37832,1320,21177,6553,490,1339,1062,0,511,0,0,198,0,120,1,4837,225,37833
2026/3/3,21:30,36730,1320,20084,6523,490,1352,1066,0,512,0,0,212,0,121,0,4803,248,36731
2026/3/3,22:00,35702,1320,19049,6478,487,1338,1070,0,512,0,0,212,0,126,1,4854,255,35702
2026/3/3,22:30,34362,1319,17548,6485,483,1339,1059,0,512,0,0,229,0,127,2,4985,273,34361
2026/3/3,23:00,33168,1319,16905,6483,452,1322,986,0,508,0,0,203,0,124,0,4570,296,33168
2026/3/3,23:30,31722,1319,15682,6484,448,1339,952,0,509,0,0,193,0,13,0,4464,319,31722
2026/3/4,0:00,30543,1319,15110,6480,448,1294,664,0,509,0,0,239,0,0,2,4219,259,30543
2026/3/4,0:30,29283,1319,13806,6486,450,1230,670,0,509,0,0,227,0,0,2,4269,314,29282
2026/3/4,1:00,28856,1319,13420,6483,449,1276,664,0,509,0,0,232,0,0,2,4187,314,28855
2026/3/4,1:30,28464,1319,13165,6482,450,1246,671,0,509,0,0,232,0,0,2,4062,326,28464
2026/3/4,2:00,28314,1319,13149,6483,413,1255,683,0,508,0,0,219,0,0,1,3959,326,28315
2026/3/4,2:30,28167,1319,13080,6479,369,1283,683,0,509,0,0,197,0,0,1,3922,325,28167
2026/3/4,3:00,28159,1319,13270,6430,369,1277,701,0,510,0,0,178,0,0,0,3778,326,28158
2026/3/4,3:30,28046,1319,13217,6401,370,1287,705,0,510,0,0,179,0,0,1,3742,315,28046
2026/3/4,4:00,28352,1319,13498,6320,370,1289,996,0,510,0,0,191,0,0,1,3533,324,28351
2026/3/4,4:30,28716,1319,13644,6320,369,1305,998,0,510,0,0,190,0,0,2,3765,293,28715
2026/3/4,5:00,29606,1319,14582,6321,368,1266,1004,0,509,0,0,178,0,0,1,3764,293,29605
2026/3/4,5:30,30754,1319,15545,6320,369,1132,1010,0,509,0,0,190,0,308,1,3800,250,30753
2026/3/4,6:00,32678,1319,17269,6321,369,1252,1054,0,509,11,0,191,0,410,0,3693,281,32679
2026/3/4,6:30,34561,1319,18427,6319,374,1286,1059,0,512,189,0,193,0,408,0,4231,243,34560
2026/3/4,7:00,36163,1320,19425,6320,377,1304,1015,0,510,680,0,207,0,411,0,4398,196,36163
2026/3/4,7:30,37414,1320,20314,6320,377,1354,1014,0,509,1543,0,203,0,527,0,3758,174,37413
2026/3/4,8:00,38758,1320,21322,6283,375,1346,1045,0,505,2586,0,207,0,555,3,3057,154,38758
2026/3/4,8:30,39104,1320,21818,6143,377,1310,1018,0,504,3567,0,160,0,416,5,2299,166,39103
2026/3/4,9:00,39048,1320,20932,6131,376,1316,1000,0,502,5085,0,144,0,124,6,1941,172,39049
2026/3/4,9:30,38537,1320,18629,6092,376,1332,992,0,502,6663,0,159,0,2,2,2270,198,38537
2026/3/4,10:00,37676,1319,16568,5597,377,1327,952,0,501,8465,0,175,0,0,0,2171,223,37675
2026/3/4,10:30,37021,1319,15177,5103,375,1334,921,0,501,9879,0,194,0,0,0,1976,242,37021
2026/3/4,11:00,36612,1319,14090,4804,377,1315,687,0,502,11202,0,215,0,-196,0,2030,267,36612
2026/3/4,11:30,36104,1319,13576,4477,376,1303,693,0,503,11947,0,241,0,-1031,0,2425,276,36105
2026/3/4,12:00,34383,1319,13226,3946,376,1339,698,0,501,11986,0,315,0,-1994,0,2384,288,34384
2026/3/4,12:30,34347,1318,13610,3711,375,1323,700,0,501,12317,0,316,0,-2787,0,2673,290,34347
2026/3/4,13:00,34497,1319,14421,3670,375,1318,679,0,499,11650,0,321,0,-2381,0,2347,280,34498
2026/3/4,13:30,34078,1319,13663,3663,375,1318,648,0,499,11045,0,333,0,-1475,0,2411,280,34079
2026/3/4,14:00,33596,1319,13399,3653,376,1316,645,0,495,10351,0,350,0,-1063,0,2478,277,33596
2026/3/4,14:30,33364,1319,13517,3920,375,1348,645,0,499,9210,0,368,0,-423,0,2307,279,33364
2026/3/4,15:00,33260,1319,14226,4197,394,1322,896,0,498,7753,0,355,0,-430,0,2457,273,33260
2026/3/4,15:30,33981,1319,16377,4560,439,1275,912,0,502,5735,0,366,0,0,0,2231,266,33982
2026/3/4,16:00,34554,1319,17995,4924,486,1269,1022,0,501,3490,0,368,0,133,13,2778,257,34555
2026/3/4,16:30,35180,1318,19122,5429,487,1303,1052,0,502,1662,0,348,0,533,14,3165,245,35180
2026/3/4,17:00,35797,1319,20012,5933,485,1316,1079,0,504,448,0,339,0,938,18,3182,225,35798
2026/3/4,17:30,36816,1318,20896,6167,488,1310,1088,0,504,5,0,357,0,1180,21,3276,206,36816
2026/3/4,18:00,37581,1319,21156,6224,485,1337,1095,0,507,0,0,341,0,1312,16,3591,199,37582
2026/3/4,18:30,37839,1319,20964,6323,485,1365,1126,0,507,0,0,329,0,1426,17,3783,195,37839
2026/3/4,19:00,37555,1319,20827,6320,484,1336,1132,0,509,0,0,343,0,1326,14,3749,196,37555
2026/3/4,19:30,37352,1319,20913,6323,484,1337,1131,0,509,0,0,339,0,852,6,3924,214,37351
2026/3/4,20:00,36934,1319,20392,6322,485,1329,1102,0,514,0,0,359,0,798,7,4097,211,36935
2026/3/4,20:30,36560,1319,19386,6322,485,1365,1059,0,515,0,0,339,0,775,3,4766,225,36559
2026/3/4,21:00,35695,1319,18819,6318,484,1324,1020,0,514,0,0,319,0,573,0,4771,233,35694
2026/3/4,21:30,34735,1319,18215,6325,484,1280,974,0,513,0,0,331,0,370,2,4679,242,34734
2026/3/4,22:00,33934,1319,17485,6322,480,1308,936,0,514,0,0,331,0,260,1,4717,261,33934
2026/3/4,22:30,32897,1319,16781,6321,475,1281,902,0,513,0,0,329,0,173,2,4524,277,32897
2026/3/4,23:00,31880,1319,16263,6320,443,1307,874,0,514,0,0,331,0,13,2,4204,291,31881
2026/3/4,23:30,30647,1319,15149,6322,443,1305,862,0,514,0,0,329,0,0,0,4094,311,30648
2026/3/5,0:00,29319,1319,14081,6322,442,1323,578,0,467,0,0,311,0,0,3,4221,253,29320
2026/3/5,0:30,28272,1319,12748,6320,441,1345,580,0,469,0,0,303,0,0,2,4438,305,28270
2026/3/5,1:00,27711,1319,12414,6322,443,1326,599,0,467,0,0,313,0,0,1,4190,317,27711
2026/3/5,1:30,27441,1319,12274,6324,442,1297,605,0,468,0,0,311,0,0,1,4073,327,27441
2026/3/5,2:00,27423,1319,12352,6320,404,1263,602,0,467,0,0,310,0,0,1,4055,330,27423
2026/3/5,2:30,27448,1319,12380,6322,362,1286,597,0,467,0,0,311,0,0,3,4073,328,27448
2026/3/5,3:00,27574,1319,12391,6320,361,1320,600,0,469,0,0,313,0,0,2,4151,328,27574
2026/3/5,3:30,27649,1319,12905,6321,362,1305,598,0,468,0,0,310,0,0,2,3744,315,27649
2026/3/5,4:00,28002,1319,12973,6320,361,1322,619,0,469,0,0,309,0,0,2,3992,315,28001
2026/3/5,4:30,28402,1319,13446,6319,362,1326,668,0,469,0,0,303,0,0,2,3906,281,28401
2026/3/5,5:00,29566,1319,14235,6319,363,1301,857,0,468,0,0,298,0,0,2,4113,292,29567
2026/3/5,5:30,30606,1319,15004,6321,362,1363,866,0,468,0,0,283,0,0,3,4372,246,30607
2026/3/5,6:00,32486,1319,16258,6318,362,1337,989,0,468,14,0,297,0,610,4,4225,285,32486
2026/3/5,6:30,33541,1319,16490,6320,367,1331,996,0,471,524,0,308,0,936,9,4224,247,33542
2026/3/5,7:00,34159,1319,15978,6322,370,1301,983,0,469,2134,0,316,0,777,6,3976,208,34159
2026/3/5,7:30,34200,1319,14543,6243,370,1248,955,0,467,4197,0,315,0,12,3,4341,187,34200
2026/3/5,8:00,35035,1319,13389,5446,370,1216,945,0,461,6582,0,321,0,0,2,4812,172,35035
2026/3/5,8:30,36059,1318,12744,5191,371,1293,947,0,459,8948,0,309,0,0,0,4298,180,36058
2026/3/5,9:00,36588,1319,11677,4655,370,1305,923,0,460,11084,0,309,0,0,1,4293,192,36588
2026/3/5,9:30,36579,1319,10082,4196,367,1296,916,0,461,12860,0,308,0,0,1,4555,218,36579
2026/3/5,10:00,36226,1319,9298,3709,366,1346,785,0,460,14244,0,288,0,-213,2,4390,231,36225
2026/3/5,10:30,36046,1319,8931,3339,367,1367,777,0,460,15289,0,292,0,-1471,1,5126,249,36046
2026/3/5,11:00,35760,1319,9066,3153,367,1360,591,0,461,15915,0,298,0,-2071,1,5044,258,35762
2026/3/5,11:30,35332,1319,9053,3055,366,1367,621,0,462,16247,0,314,0,-2886,1,5150,263,35332
2026/3/5,12:00,34043,1319,8743,3055,367,1465,621,0,461,16233,0,322,0,-3867,1,5055,268,34043
2026/3/5,12:30,33234,1318,9197,3084,366,1457,641,0,461,15789,0,317,0,-4295,1,4612,285,33233
2026/3/5,13:00,33615,1319,9668,3140,366,1399,609,0,458,15026,0,317,0,-3630,1,4655,288,33616
2026/3/5,13:30,33250,1319,9684,3156,366,1406,595,0,458,13941,0,312,0,-3160,1,4881,290,33249
2026/3/5,14:00,32850,1319,9461,3391,366,1421,589,0,455,12520,0,308,0,-2428,1,5155,292,32850
2026/3/5,14:30,32649,1319,9591,3432,366,1458,588,0,458,10791,0,312,0,-1231,2,5275,289,32650
2026/3/5,15:00,32415,1319,10227,3517,387,1388,592,0,453,8733,0,302,0,-51,1,5260,287,32415
2026/3/5,15:30,32934,1319,13100,3804,431,1387,591,0,458,6398,0,299,0,0,0,4863,284,32934
2026/3/5,16:00,33551,1319,15299,4109,513,1343,977,0,456,3986,0,262,0,355,11,4650,271,33551
2026/3/5,16:30,34151,1319,17297,4504,478,1290,1005,0,457,1939,0,225,0,551,17,4806,262,34150
2026/3/5,17:00,34610,1319,18335,4872,477,1295,1033,0,462,527,0,222,0,1046,20,4764,238,34610
2026/3/5,17:30,35827,1320,19871,5462,477,1268,1056,0,462,7,0,194,0,1273,24,4181,231,35826
2026/3/5,18:00,36724,1320,20328,5916,478,1237,1078,0,464,0,0,182,0,1400,27,4060,234,36724
2026/3/5,18:30,36975,1320,19773,6292,477,1268,1081,0,465,0,0,212,0,1514,30,4312,231,36975
2026/3/5,19:00,36754,1320,19599,6319,477,1282,1090,0,466,0,0,206,0,1458,29,4274,234,36754
2026/3/5,19:30,36465,1320,19714,6322,478,1352,1090,0,470,0,0,212,0,1362,10,3906,230,36466
2026/3/5,20:00,36099,1320,19720,6319,478,1333,1023,0,472,0,0,197,0,1169,4,3840,225,36100
2026/3/5,20:30,35771,1320,18742,6319,477,1300,1010,0,473,0,0,183,0,1080,6,4622,237,35769
2026/3/5,21:00,35020,1320,17948,6317,478,1314,945,0,473,0,0,180,0,985,1,4816,244,35021
2026/3/5,21:30,34009,1320,17164,6320,478,1341,921,0,473,0,0,188,0,983,0,4566,255,34009
2026/3/5,22:00,33209,1320,16155,6319,472,1325,917,0,472,0,0,193,0,1050,2,4715,269,33209
2026/3/5,22:30,32140,1320,15062,6320,467,1211,891,0,473,0,0,195,0,995,2,4924,283,32143
2026/3/5,23:00,31239,1320,14359,6319,436,1172,759,0,469,0,0,199,0,1419,1,4493,294,31240
2026/3/5,23:30,30025,1320,13905,6317,436,1151,756,0,473,0,0,179,0,836,0,4434,218,30025
2026/3/6,0:00,28977,1320,13949,6318,436,1131,576,0,511,0,0,191,0,150,0,4262,132,28976
2026/3/6,0:30,27989,1320,12795,6320,436,1191,580,0,510,0,0,182,0,0,0,4466,188,27988
2026/3/6,1:00,27567,1320,12558,6319,436,1235,587,0,510,0,0,180,0,0,1,4193,229,27568
2026/3/6,1:30,27402,1320,12621,6320,436,1335,589,0,511,0,0,167,0,0,0,3861,242,27402
2026/3/6,2:00,27416,1320,12946,6321,399,1325,589,0,510,0,0,158,0,0,0,3595,253,27416
2026/3/6,2:30,27464,1320,13116,6319,357,1345,584,0,511,0,0,139,0,0,1,3522,250,27464
2026/3/6,3:00,27623,1320,13243,6320,356,1342,589,0,512,0,0,96,0,0,0,3593,253,27624
2026/3/6,3:30,27657,1320,13294,6317,356,1342,616,0,512,0,0,82,0,0,0,3529,287,27655
2026/3/6,4:00,28048,1320,13504,6321,356,1344,613,0,512,0,0,74,0,0,1,3715,289,28049
2026/3/6,4:30,28453,1320,13893,6321,356,1315,612,0,512,0,0,66,0,20,1,3727,311,28454
2026/3/6,5:00,29518,1320,14296,6318,355,1289,873,0,511,0,0,63,0,264,0,3921,306,29516
2026/3/6,5:30,30650,1320,15215,6320,356,1311,875,0,511,0,0,53,0,299,5,4124,260,30649
2026/3/6,6:00,32482,1320,16916,6317,357,1327,956,0,515,17,0,47,0,300,7,4191,212,32482
2026/3/6,6:30,33651,1320,17383,6318,364,1351,950,0,515,514,0,41,0,301,9,4416,170,33652
2026/3/6,7:00,34801,1320,17525,6321,368,1331,956,0,513,1914,0,36,0,353,7,3985,171,34800
2026/3/6,7:30,35370,1320,16032,6323,368,1309,957,0,510,3659,0,32,0,134,0,4576,151,35371
2026/3/6,8:00,36617,1320,15011,6038,367,1311,963,0,505,5547,0,32,0,0,0,5371,151,36616
2026/3/6,8:30,37975,1320,15150,5347,368,1310,954,0,501,7209,0,33,0,0,0,5620,164,37976
2026/3/6,9:00,38771,1320,14936,5119,368,1316,936,0,497,8284,0,34,0,0,1,5789,172,38772
2026/3/6,9:30,38620,1320,14023,4988,368,1388,944,0,499,8851,0,35,0,0,2,6004,199,38621
2026/3/6,10:00,38492,1320,13032,4899,366,1367,910,0,498,9564,0,39,0,0,3,6278,216,38492
2026/3/6,10:30,38701,1320,12823,4841,364,1370,915,0,499,9867,0,43,0,0,3,6418,239,38702
2026/3/6,11:00,38370,1320,13191,4961,364,1370,659,0,500,9405,0,49,0,0,2,6299,250,38370
2026/3/6,11:30,37414,1320,13192,5042,364,1357,700,0,503,8315,0,53,0,0,2,6311,254,37413
2026/3/6,12:00,35692,1320,12487,5082,364,1403,692,0,502,7328,0,55,0,0,2,6204,253,35692
2026/3/6,12:30,35589,1320,11945,5326,363,1409,698,0,502,7388,0,59,0,0,2,6291,286,35589
2026/3/6,13:00,36895,1320,13400,5525,364,1377,684,0,499,6905,0,59,0,268,2,6240,253,36896
2026/3/6,13:30,36291,1320,13144,5807,363,1336,666,0,499,6048,0,55,0,398,2,6339,314,36291
2026/3/6,14:00,36277,1317,13646,5847,364,1368,721,0,499,5343,0,67,0,468,1,6341,295,36277
2026/3/6,14:30,35502,1321,13958,6094,364,1364,727,0,500,4399,0,70,0,463,2,5944,298,35504
2026/3/6,15:00,35239,1321,14173,6371,384,1382,932,0,500,3930,0,65,0,511,0,5358,311,35238
2026/3/6,15:30,35624,1320,15620,6559,427,1390,976,0,502,3058,0,69,0,617,0,4773,311,35622
2026/3/6,16:00,36051,1320,17603,6561,474,1309,1085,0,500,1888,0,72,0,664,17,4234,322,36049
2026/3/6,16:30,36088,1320,18452,6560,474,1306,1091,0,501,849,0,109,0,816,21,4280,308,36087
2026/3/6,17:00,36126,1320,19185,6558,473,1279,1121,0,507,223,0,125,0,868,22,4124,319,36124
2026/3/6,17:30,36809,1320,19456,6561,474,1338,1124,0,507,4,0,122,0,1173,26,4401,304,36810
2026/3/6,18:00,37057,1320,19258,6557,474,1292,1169,0,510,0,0,169,0,1159,22,4806,320,37056
2026/3/6,18:30,36904,1320,18644,6558,474,1277,1166,0,511,0,0,173,0,1392,22,5052,315,36904
2026/3/6,19:00,36488,1320,18314,6557,474,1300,1156,0,512,0,0,203,0,1419,20,4904,309,36488
2026/3/6,19:30,36010,1320,17541,6559,475,1322,1146,0,512,0,0,246,0,1523,10,5040,317,36011
2026/3/6,20:00,35430,1320,18159,6560,474,1359,1010,0,518,0,0,276,0,605,5,4825,320,35431
2026/3/6,20:30,34931,1320,17668,6562,474,1359,982,0,519,0,0,287,0,463,1,4968,328,34931
2026/3/6,21:00,34104,1320,17183,6543,474,1365,967,0,519,0,0,336,0,438,2,4651,307,34105
2026/3/6,21:30,33174,1320,15929,6396,475,1352,961,0,519,0,0,328,0,322,0,5260,312,33174
2026/3/6,22:00,32566,1320,15239,6260,468,1359,960,0,518,0,0,333,0,579,2,5230,298,32566
2026/3/6,22:30,31592,1320,14042,6159,465,1419,941,0,519,0,0,328,0,641,2,5442,315,31593
2026/3/6,23:00,30553,1320,13372,6106,431,1417,807,0,519,0,0,317,0,712,2,5249,301,30553
2026/3/6,23:30,29376,1320,12260,6069,432,1368,796,0,519,0,0,305,0,838,2,5244,222,29375
2026/3/7,0:00,28237,1320,12381,5985,395,1331,498,0,515,0,0,354,0,445,2,4773,237,28236
2026/3/7,0:30,27046,1320,11712,5984,352,1317,497,0,514,0,0,315,0,88,2,4751,195,27047
2026/3/7,1:00,26510,1320,11344,5985,352,1336,499,0,512,0,0,290,0,0,1,4640,231,26510
2026/3/7,1:30,26019,1320,10796,5984,352,1352,504,0,512,0,0,264,0,0,2,4692,240,26018
2026/3/7,2:00,25852,1320,10631,5983,352,1347,505,0,510,0,0,278,0,0,2,4668,254,25850
2026/3/7,2:30,25802,1320,10490,5986,352,1310,547,0,511,0,0,320,0,0,2,4715,249,25802
2026/3/7,3:00,25885,1320,10636,5985,352,1336,567,0,514,0,0,329,0,0,2,4592,252,25885
2026/3/7,3:30,25866,1320,10513,5985,353,1319,603,0,517,0,0,337,0,0,2,4677,240,25866
2026/3/7,4:00,25860,1320,10378,5984,351,1366,612,0,516,0,0,318,0,0,2,4784,230,25861
2026/3/7,4:30,25884,1320,10332,5983,351,1347,616,0,517,0,0,329,0,0,2,4884,203,25884
2026/3/7,5:00,26021,1320,10719,5869,352,1335,629,0,513,0,0,337,0,0,1,4777,169,26021
2026/3/7,5:30,26236,1320,10864,5483,351,1362,632,0,515,0,0,343,0,1,2,5129,233,26235
2026/3/7,6:00,26763,1320,11377,4770,351,1399,618,0,516,21,0,326,0,711,2,5092,261,26764
2026/3/7,6:30,27122,1320,11030,4499,351,1385,627,0,516,465,0,345,0,1081,4,5266,232,27121
2026/3/7,7:00,27281,1320,10527,4255,343,1224,636,0,499,1762,0,366,0,999,3,5101,246,27281
2026/3/7,7:30,27396,1320,9715,3613,330,1161,638,0,490,3841,0,365,0,557,3,5127,236,27396
2026/3/7,8:00,27441,1320,9097,3180,317,1119,656,0,448,6278,0,372,0,142,0,4261,254,27444
2026/3/7,8:30,27860,1320,8321,2729,315,1082,646,0,449,8842,0,369,0,0,0,3523,263,27859
2026/3/7,9:00,28208,1320,7587,2328,314,1066,617,0,447,10903,0,373,0,-110,0,3103,259,28207
2026/3/7,9:30,28272,1320,7238,2077,315,1077,615,0,448,12399,0,365,0,-1014,0,3168,265,28273
2026/3/7,10:00,28153,1320,7083,1919,314,1080,561,0,446,13664,0,369,0,-2539,1,3670,265,28153
2026/3/7,10:30,28289,1320,6958,1895,314,1029,565,0,451,14754,0,362,0,-3555,1,3929,266,28289
2026/3/7,11:00,28602,1320,7095,1890,314,970,573,0,453,15490,0,344,0,-4088,1,3977,262,28601
2026/3/7,11:30,28398,1320,7235,1890,315,984,580,0,442,15626,0,337,0,-4608,1,4011,266,28399
2026/3/7,12:00,27711,1319,7011,1890,314,1024,588,0,428,15449,0,342,0,-4976,1,4064,257,27711
2026/3/7,12:30,27321,1319,7077,1893,315,1015,590,0,428,15323,0,337,0,-5386,1,4149,260,27321
2026/3/7,13:00,27238,1319,7463,1889,314,1003,580,0,427,14739,0,346,0,-5430,1,4333,255,27239
2026/3/7,13:30,26953,1320,7466,1889,315,1037,588,0,427,13649,0,358,0,-5137,1,4779,262,26954
2026/3/7,14:00,27204,1320,7787,1895,314,1008,578,0,428,12069,0,363,0,-3088,1,4288,241,27204
2026/3/7,14:30,27217,1320,7939,1904,315,1053,576,0,429,9858,0,363,0,-1733,3,4945,245,27217
2026/3/7,15:00,27477,1320,8629,2154,315,1127,629,0,430,7491,0,366,0,183,0,4574,260,27478
2026/3/7,15:30,27545,1320,9971,2451,314,1097,640,0,429,5095,0,361,0,1572,0,4033,261,27544
2026/3/7,16:00,28158,1320,10753,3020,338,1203,843,0,473,2930,0,363,0,1679,13,4966,257,28158
2026/3/7,16:30,29043,1320,12178,3787,356,1367,861,0,477,1297,0,359,0,1804,14,4976,247,29043
2026/3/7,17:00,30262,1320,13325,4400,362,1397,871,0,481,332,0,363,0,2100,17,5055,239,30262
2026/3/7,17:30,31629,1320,14383,4990,362,1425,889,0,482,5,0,360,0,2106,33,5042,233,31630
2026/3/7,18:00,32318,1320,14788,5360,361,1471,910,0,485,0,0,294,0,2208,34,4836,251,32318
2026/3/7,18:30,32508,1320,14910,5379,362,1467,906,0,485,0,0,290,0,2231,35,4877,246,32508
2026/3/7,19:00,32444,1320,14879,5378,362,1464,932,0,487,0,0,321,0,1982,33,5048,239,32445
2026/3/7,19:30,32358,1320,14710,5377,363,1455,952,0,488,0,0,294,0,1945,24,5189,242,32359
2026/3/7,20:00,32047,1320,14231,5378,363,1475,946,0,492,0,0,307,0,1824,23,5447,242,32048
2026/3/7,20:30,31555,1320,14182,5380,363,1456,944,0,493,0,0,290,0,1482,12,5381,253,31556
2026/3/7,21:00,31123,1320,14460,5379,363,1433,949,0,493,0,0,336,0,750,9,5380,250,31122
2026/3/7,21:30,30376,1320,13558,5378,363,1439,937,0,493,0,0,338,0,776,6,5511,259,30378
2026/3/7,22:00,29898,1320,13504,5377,358,1417,651,0,492,0,0,325,0,946,4,5249,256,29899
2026/3/7,22:30,29126,1320,12717,5376,351,1435,600,0,493,0,0,325,0,926,2,5312,269,29126
2026/3/7,23:00,28655,1320,12556,5304,353,1461,591,0,493,0,0,314,0,746,2,5236,279,28655
2026/3/7,23:30,27613,1320,11761,5228,352,1455,576,0,493,0,0,323,0,588,2,5305,211,27614
2026/3/8,0:00,26708,1320,11376,5228,351,1436,543,0,484,0,0,338,0,408,2,5077,145,26708
2026/3/8,0:30,25834,1320,10586,5227,353,1449,542,0,483,0,0,323,0,397,2,4957,195,25834
2026/3/8,1:00,25419,1320,10397,5227,353,1480,548,0,481,0,0,313,0,54,2,5014,231,25420
2026/3/8,1:30,25331,1320,10224,5227,353,1505,549,0,481,0,0,315,0,0,2,5118,237,25331
2026/3/8,2:00,25139,1320,9996,5225,353,1495,545,0,479,0,0,317,0,0,2,5155,252,25139
2026/3/8,2:30,25278,1320,10270,5226,353,1494,541,0,481,0,0,305,0,0,2,5036,250,25278
2026/3/8,3:00,25495,1320,10530,5228,353,1429,556,0,482,0,0,322,0,0,2,5024,249,25495
2026/3/8,3:30,25475,1320,10606,5227,353,1414,557,0,485,0,0,328,0,0,2,4943,238,25473
2026/3/8,4:00,25701,1320,10983,5229,352,1416,584,0,485,0,0,328,0,0,2,4754,248,25701
2026/3/8,4:30,25930,1320,10945,5227,353,1403,572,0,485,0,0,318,0,214,4,4773,316,25930
2026/3/8,5:00,26285,1320,11096,5189,352,1428,567,0,482,0,0,320,0,429,2,4826,275,26286
2026/3/8,5:30,26603,1320,11090,4883,353,1438,577,0,481,0,0,279,0,770,2,5167,243,26603
2026/3/8,6:00,27140,1320,11249,4480,354,1454,593,0,486,26,0,275,0,1393,4,5227,280,27141
2026/3/8,6:30,27390,1320,10996,4139,353,1424,595,0,487,674,0,285,0,1348,2,5525,243,27391
2026/3/8,7:00,27410,1320,10058,3802,353,1304,578,0,485,2336,0,284,0,937,3,5710,240,27410
2026/3/8,7:30,27376,1320,9354,3258,334,1200,583,0,484,4442,0,279,0,419,1,5480,222,27376
2026/3/8,8:00,27434,1320,9022,2734,318,1162,598,0,430,6612,239,261,26,220,2,4527,229,27435
2026/3/8,8:30,27716,1320,8542,2426,317,1125,593,0,431,8932,298,271,22,-196,1,3716,239,27717
2026/3/8,9:00,28297,1319,8240,2156,318,1128,571,0,431,10980,371,281,25,-1064,1,3717,220,28298
2026/3/8,9:30,28669,1319,7531,1953,316,1161,575,0,432,12705,433,279,26,-1679,1,3846,229,28668
2026/3/8,10:00,28892,1320,7049,1902,316,1134,586,0,433,14037,496,283,24,-2435,1,4032,235,28893
2026/3/8,10:30,28921,1319,6902,1890,317,1101,584,0,439,15023,531,275,23,-3199,1,4021,248,28921
2026/3/8,11:00,28892,1319,7094,1890,316,1060,591,0,438,15743,555,234,22,-4134,1,4095,245,28892
2026/3/8,11:30,28875,1319,8034,1887,316,1088,586,0,438,15899,860,215,42,-5182,1,4026,247,28874
2026/3/8,12:00,28683,1319,8210,1891,317,1099,564,0,436,15754,1000,181,81,-5537,1,4194,253,28682
2026/3/8,12:30,28071,1319,7900,1893,318,1119,589,0,436,15454,837,222,47,-5597,1,4167,252,28073
2026/3/8,13:00,27682,1319,8269,1926,318,1086,569,0,435,14990,538,265,21,-5951,1,4188,267,27682
2026/3/8,13:30,27041,1319,8437,2011,318,1073,562,0,436,13896,473,277,21,-5735,1,4189,257,27041
2026/3/8,14:00,26612,1319,8693,2172,317,1064,538,0,436,12475,420,276,17,-5207,2,4283,244,26612
2026/3/8,14:30,26348,1319,8924,2349,318,1127,535,0,436,10709,357,273,19,-4109,4,4217,245,26347
2026/3/8,15:00,26318,1320,8986,2876,320,1156,625,0,438,8656,284,240,21,-2817,1,4254,262,26317
2026/3/8,15:30,26679,1320,9088,3386,318,1152,639,0,438,6345,204,241,18,-420,0,3907,265,26679
2026/3/8,16:00,27746,1320,10146,4169,328,1263,755,0,475,4129,0,255,0,740,13,3898,256,27747
2026/3/8,16:30,29174,1320,11381,4919,384,1423,782,0,479,2060,0,281,0,1628,13,4251,253,29174
2026/3/8,17:00,30831,1319,13000,5344,355,1444,926,0,476,621,0,233,0,2558,26,4280,247,30829
2026/3/8,17:30,32578,1319,14889,5762,354,1470,927,0,476,14,0,233,0,2132,30,4734,238,32578
2026/3/8,18:00,34032,1319,15944,6303,354,1489,962,0,479,0,0,244,0,1650,30,5016,242,34032
2026/3/8,18:30,34533,1319,16308,6580,355,1474,964,0,478,0,0,246,0,1432,32,5107,237,34532
2026/3/8,19:00,34752,1319,16351,6609,354,1460,969,0,479,0,0,252,0,1524,34,5180,221,34752
2026/3/8,19:30,34731,1320,16344,6608,355,1440,970,0,480,0,0,229,0,1316,24,5406,238,34730
2026/3/8,20:00,34653,1320,16330,6608,356,1425,964,0,484,0,0,235,0,1154,17,5524,237,34654
2026/3/8,20:30,34386,1320,16148,6608,355,1437,969,0,485,0,0,232,0,958,10,5617,247,34386
2026/3/8,21:00,33877,1320,15827,6492,355,1471,933,0,485,0,0,254,0,850,7,5639,245,33878
2026/3/8,21:30,33027,1320,14833,6462,355,1493,916,0,485,0,0,259,0,835,4,5813,254,33029
2026/3/8,22:00,32291,1320,14249,6461,350,1474,677,0,484,0,0,270,0,1062,9,5678,257,32291
2026/3/8,22:30,31132,1320,13264,6428,346,1421,618,0,485,0,0,276,0,1079,2,5627,266,31132
2026/3/8,23:00,30367,1320,12867,6434,342,1420,599,0,486,0,0,240,0,1084,2,5297,277,30368
2026/3/8,23:30,29135,1320,12052,6516,343,1416,581,0,486,0,0,263,0,660,0,5201,299,29137
2026/3/9,0:00,28166,1320,12151,6515,341,1417,613,0,465,0,0,228,0,304,2,4585,225,28166
2026/3/9,0:30,27262,1319,11606,6425,342,1432,609,0,464,0,0,243,0,-409,2,4953,277,27263
2026/3/9,1:00,26856,1319,11829,6418,342,1435,589,0,464,0,0,238,0,-901,2,4819,301,26855
2026/3/9,1:30,26569,1319,12186,6414,343,1410,595,0,465,0,0,237,0,-1412,2,4701,310,26570
2026/3/9,2:00,26550,1319,12144,6416,342,1401,612,0,464,0,0,237,0,-1547,2,4838,321,26549
2026/3/9,2:30,26411,1319,12357,6414,342,1434,620,0,465,0,0,212,0,-989,1,3914,321,26410
2026/3/9,3:00,26580,1320,12309,6417,343,1450,634,0,467,0,0,194,0,-368,1,3493,320,26580
2026/3/9,3:30,26627,1320,11669,6416,343,1493,628,0,466,0,0,191,0,-346,0,4141,307,26628
2026/3/9,4:00,26991,1320,11762,6433,342,1507,653,0,466,0,0,183,0,-289,0,4296,317,26990
2026/3/9,4:30,27407,1320,12371,6559,343,1212,653,0,467,0,0,177,0,134,0,3893,279,27408
2026/3/9,5:00,28570,1320,13277,6558,342,1092,917,0,466,0,0,167,0,702,0,3432,295,28568
2026/3/9,5:30,29791,1320,14274,6560,343,1055,928,0,465,0,0,167,0,812,2,3614,252,29792
2026/3/9,6:00,31983,1320,16055,6559,344,1089,971,0,470,31,0,156,0,1258,7,3459,265,31984
2026/3/9,6:30,33842,1320,16983,6562,352,1125,978,0,469,490,0,144,0,1577,12,3608,223,33843
2026/3/9,7:00,35424,1320,17148,6558,363,1140,970,0,468,1508,0,140,0,1104,10,4493,201,35423
2026/3/9,7:30,36454,1320,16865,6561,364,1133,977,0,468,2844,0,144,0,1012,7,4584,175,36454
2026/3/9,8:00,38017,1320,16434,6561,363,1115,986,0,464,4379,0,137,0,35,7,6034,183,38018
2026/3/9,8:30,39111,1320,15856,6563,363,1099,972,0,463,5833,0,130,0,0,0,6322,190,39111
2026/3/9,9:00,39285,1320,14226,6564,363,1083,962,0,460,7562,0,139,0,0,0,6425,181,39285
2026/3/9,9:30,38893,1320,12207,6564,362,1063,958,0,461,9584,0,132,0,-246,0,6284,205,38894
2026/3/9,10:00,38790,1319,11264,6563,363,1040,860,0,460,11821,0,130,0,-1599,0,6356,212,38789
2026/3/9,10:30,38353,1319,11091,6563,363,1081,862,0,460,13222,0,129,0,-3335,1,6364,233,38353
2026/3/9,11:00,38037,1319,10817,6561,363,1110,641,0,461,14408,0,124,0,-4363,2,6347,245,38035
2026/3/9,11:30,37491,1319,10258,6471,364,1149,654,0,462,14819,0,122,0,-4770,2,6391,252,37493
2026/3/9,12:00,36102,1318,10233,5480,399,1162,649,0,460,14757,0,138,0,-4983,0,6235,253,36101
2026/3/9,12:30,35341,1319,10236,5353,363,1162,689,0,471,14366,0,138,0,-4605,0,5591,258,35341
2026/3/9,13:00,35697,1319,10861,5669,364,1122,695,0,476,13761,0,135,0,-3824,0,4870,250,35698
2026/3/9,13:30,35343,1319,10600,5964,368,1085,702,0,476,12932,0,130,0,-3699,0,5231,235,35343
2026/3/9,14:00,35135,1316,11291,6297,369,1090,863,0,484,11640,0,127,0,-3305,0,4735,229,35136
2026/3/9,14:30,34904,1317,11699,6558,369,1098,840,0,490,9946,0,109,0,-2670,1,4917,229,34903
2026/3/9,15:00,34807,1319,12296,6562,400,1079,922,0,491,7854,0,97,0,-1623,0,5168,242,34807
2026/3/9,15:30,35137,1319,13607,6563,442,1081,930,0,491,5551,0,92,0,-54,0,4878,237,35137
2026/3/9,16:00,35596,1319,15799,6558,440,1067,1099,0,497,3368,0,84,0,0,12,5100,254,35597
2026/3/9,16:30,35983,1319,18201,6560,471,1061,1143,0,498,1539,0,76,0,97,13,4761,244,35983
2026/3/9,17:00,36565,1319,19717,6559,471,1059,1180,0,506,440,0,67,0,564,24,4423,234,36563
2026/3/9,17:30,37516,1319,20761,6560,472,1058,1195,0,506,11,0,56,0,1044,35,4275,223,37515
2026/3/9,18:00,38195,1319,21127,6559,473,1049,1198,0,510,0,0,52,0,1488,29,4158,233,38195
2026/3/9,18:30,38250,1319,21251,6562,472,1082,1194,0,509,0,0,44,0,1548,30,4007,232,38250
2026/3/9,19:00,37831,1319,20879,6560,472,1080,1195,0,511,0,0,42,0,1532,30,3993,218,37831
2026/3/9,19:30,37379,1319,20719,6560,472,1057,1199,0,511,0,0,42,0,1333,18,3921,228,37379
2026/3/9,20:00,36806,1319,20389,6561,472,1088,1179,0,515,0,0,46,0,1251,17,3738,230,36805
2026/3/9,20:30,36354,1319,20328,6557,473,1062,1165,0,516,0,0,46,0,999,8,3641,240,36354
2026/3/9,21:00,35432,1319,20109,6560,472,1042,1124,0,516,0,0,47,0,295,2,3701,247,35434
2026/3/9,21:30,34416,1319,19392,6560,473,1053,1104,0,516,0,0,46,0,0,0,3695,259,34417
2026/3/9,22:00,33505,1319,18388,6559,434,1076,1057,0,515,0,0,45,0,0,1,3854,257,33505
2026/3/9,22:30,32407,1319,17580,6559,429,1052,1029,0,515,0,0,44,0,0,0,3609,272,32408
2026/3/9,23:00,31411,1319,16816,6558,430,1051,850,0,515,0,0,43,0,0,0,3574,255,31411
2026/3/9,23:30,30203,1319,16072,6559,430,1031,841,0,515,0,0,42,0,0,0,3116,277,30202
2026/3/10,0:00,29081,1319,15071,6558,394,1029,659,0,511,0,0,39,0,0,0,3331,170,29081
2026/3/10,0:30,27992,1319,13883,6559,354,1007,667,0,510,0,0,39,0,0,0,3426,228,27992
2026/3/10,1:00,27605,1319,13683,6562,356,985,676,0,510,0,0,42,0,0,0,3244,229,27606
2026/3/10,1:30,27401,1319,13398,6562,357,989,680,0,511,0,0,43,0,0,0,3303,240,27402
2026/3/10,2:00,27530,1318,13614,6559,358,982,691,0,510,0,0,53,0,-110,1,3314,238,27528
2026/3/10,2:30,27562,1319,13966,6560,357,1031,689,0,511,0,0,54,0,-134,0,2970,238,27561
2026/3/10,3:00,27847,1319,14160,6560,356,1002,678,0,512,0,0,49,0,-133,0,3105,238,27846
2026/3/10,3:30,27904,1319,14266,6557,355,1008,673,0,511,0,0,37,0,-132,0,3085,226,27905
2026/3/10,4:00,28201,1319,14594,6557,355,1020,739,0,512,0,0,38,0,-131,0,2944,255,28202
2026/3/10,4:30,28632,1319,14885,6559,356,992,737,0,512,0,0,48,0,-130,2,3136,216,28632
2026/3/10,5:00,29614,1319,15918,6559,356,974,888,0,511,0,0,63,0,-12,1,2783,255,29615
2026/3/10,5:30,30940,1319,17044,6560,356,976,891,0,511,0,0,77,0,1,0,2931,273,30939
2026/3/10,6:00,33079,1319,18321,6556,356,969,959,0,516,20,0,103,0,473,5,3165,317,33079
2026/3/10,6:30,35130,1319,19491,6559,364,963,989,0,515,246,0,107,0,840,11,3416,311,35131
2026/3/10,7:00,37191,1319,20330,6560,373,1005,990,0,514,723,0,121,0,1051,10,3908,287,37191
2026/3/10,7:30,39143,1319,20822,6559,370,1032,992,0,513,1348,0,137,0,1204,10,4574,264,39144
2026/3/10,8:00,41380,1319,21449,6559,372,1043,985,0,503,2109,0,157,0,1410,14,5146,315,41381
2026/3/10,8:30,43523,1319,22210,6560,370,1049,963,0,502,3055,0,156,0,1280,13,5727,318,43522
2026/3/10,9:00,44917,1319,22620,6558,371,1067,951,0,491,3918,0,159,0,1452,12,5688,311,44917
2026/3/10,9:30,45370,1319,22046,6561,371,1081,952,0,492,4617,0,163,0,1444,9,5982,333,45370
2026/3/10,10:00,45534,1319,21671,6557,370,1106,892,0,488,5359,0,169,0,1136,2,6170,295,45534
2026/3/10,10:30,45276,1319,21305,6559,371,1123,884,0,480,5918,0,148,0,808,0,6039,321,45275
2026/3/10,11:00,44755,1319,20998,6560,371,1120,659,0,475,6442,0,155,0,326,2,6015,313,44755
2026/3/10,11:30,43671,1319,20063,6562,370,1126,662,0,464,6691,0,161,0,130,0,5806,318,43672
2026/3/10,12:00,41914,1319,18188,6557,370,1134,655,0,465,6904,0,203,0,-84,2,5892,309,41914
2026/3/10,12:30,41010,1318,17456,6561,368,1127,656,0,465,7615,0,222,0,-1276,2,6190,305,41009
2026/3/10,13:00,41861,1318,18117,6562,369,1095,652,0,464,8275,0,212,0,-1512,2,5998,309,41861
2026/3/10,13:30,41153,1318,17557,6560,368,1097,662,0,464,8386,0,222,0,-2000,2,6213,305,41154
2026/3/10,14:00,40049,1318,17152,6561,367,1102,902,0,464,8372,0,217,0,-2840,3,6124,307,40049
2026/3/10,14:30,39532,1318,17379,6562,389,1106,913,0,465,8153,0,212,0,-2997,3,5728,301,39532
2026/3/10,15:00,39183,1318,18288,6561,431,1098,1000,0,467,7251,0,187,0,-2990,0,5246,326,39183
2026/3/10,15:30,39024,1319,19305,6559,448,1107,1015,0,467,5635,0,200,0,-1880,0,4529,321,39025
2026/3/10,16:00,39510,1319,20196,6559,446,1092,1058,0,466,3860,0,198,0,-382,13,4360,324,39509
2026/3/10,16:30,39965,1319,22131,6559,476,1092,1089,0,467,2107,0,200,0,109,12,4090,315,39966
2026/3/10,17:00,40403,1319,23335,6558,475,1074,1136,0,470,754,0,210,0,1060,22,3668,322,40403
2026/3/10,17:30,41201,1319,24353,6558,476,1058,1144,0,470,61,0,234,0,1739,30,3450,309,41201
2026/3/10,18:00,41810,1319,24639,6558,477,1069,1184,0,473,0,0,240,0,2515,33,2965,337,41809
2026/3/10,18:30,41943,1319,24670,6560,476,1069,1186,0,473,0,0,240,0,2183,33,3406,328,41943
2026/3/10,19:00,41590,1319,24439,6559,475,1060,1194,0,473,0,0,253,0,1518,29,3964,308,41591
2026/3/10,19:30,41357,1319,24177,6559,477,1050,1201,0,473,0,0,246,0,1228,19,4290,318,41357
2026/3/10,20:00,40894,1319,24138,6559,477,1031,1169,0,478,0,0,225,0,1039,21,4117,320,40893
2026/3/10,20:30,40433,1319,23867,6558,476,1060,1158,0,478,0,0,225,0,943,13,4009,326,40432
2026/3/10,21:00,39536,1319,23462,6559,476,1058,1127,0,479,0,0,229,0,585,7,3927,310,39538
2026/3/10,21:30,38438,1319,22513,6555,476,1073,1125,0,478,0,0,234,0,398,2,3942,324,38439
2026/3/10,22:00,37493,1319,21659,6510,469,1056,1090,0,477,0,0,233,0,604,3,3775,299,37494
2026/3/10,22:30,36283,1319,20504,6511,433,1036,1056,0,477,0,0,235,0,678,2,3717,315,36283
2026/3/10,23:00,35091,1319,19704,6510,432,1013,1045,0,478,0,0,249,0,438,0,3631,272,35091
2026/3/10,23:30,33711,1319,19021,6512,433,1006,1024,0,478,0,0,258,0,327,0,3186,148,33712
2026/3/11,0:00,32437,1319,19033,6512,393,1010,709,0,477,0,0,272,0,230,0,2338,144,32437
2026/3/11,0:30,31210,1319,17675,6512,351,1011,716,0,479,0,0,294,0,0,0,2750,103,31210
2026/3/11,1:00,30557,1319,16546,6513,350,1009,699,0,477,0,0,262,0,0,1,3235,147,30558
2026/3/11,1:30,30339,1319,16643,6510,351,992,668,0,478,0,0,255,0,13,0,2949,161,30339
2026/3/11,2:00,30317,1319,17191,6510,350,983,681,0,477,0,0,266,0,82,2,2257,200,30318
2026/3/11,2:30,30223,1319,16961,6509,352,1043,688,0,477,0,0,226,0,0,2,2446,199,30222
2026/3/11,3:00,30361,1319,16991,6511,351,1083,695,0,479,0,0,226,0,0,0,2476,232,30363
2026/3/11,3:30,30370,1319,17126,6510,350,1118,712,0,481,0,0,221,0,0,0,2313,221,30371
2026/3/11,4:00,30665,1319,16987,6509,350,1093,713,0,477,0,0,188,0,0,0,2749,280,30665
2026/3/11,4:30,31188,1319,17710,6509,351,1101,722,0,481,0,0,180,0,0,2,2531,283,31189
2026/3/11,5:00,32229,1319,18049,6510,346,1018,965,0,476,0,0,149,0,32,9,3114,241,32228
2026/3/11,5:30,33776,1319,19353,6511,338,970,976,0,476,0,0,138,0,307,9,3184,195,33776
2026/3/11,6:00,35811,1319,20557,6510,338,1071,1042,0,477,43,0,120,0,711,12,3388,224,35812
2026/3/11,6:30,37171,1319,20353,6510,334,1107,1029,0,477,826,0,110,0,814,11,3971,310,37171
2026/3/11,7:00,37802,1319,19403,6513,335,1090,992,0,479,2471,0,110,0,276,10,4493,312,37803
2026/3/11,7:30,38067,1319,17566,6514,334,1102,965,0,478,4554,0,108,0,0,7,4833,287,38067
2026/3/11,8:00,38874,1319,15053,6513,335,1166,972,0,473,6926,0,104,0,0,0,5705,308,38874
2026/3/11,8:30,39965,1319,13463,6516,331,1194,969,0,472,9242,0,102,0,0,1,6042,315,39966
2026/3/11,9:00,40502,1319,12494,6516,329,1211,957,0,469,11255,0,103,0,-176,2,5735,288,40502
2026/3/11,9:30,40441,1319,11644,6495,331,1236,950,0,469,12945,0,100,0,-713,1,5353,312,40442
2026/3/11,10:00,40013,1319,10512,6247,330,1281,910,0,468,14300,0,96,0,-1810,2,6063,294,40012
2026/3/11,10:30,39677,1319,10256,6210,326,1302,914,0,469,15287,0,92,0,-2664,1,5851,314,39677
2026/3/11,11:00,39218,1318,10647,5730,323,1305,721,0,470,15949,0,88,0,-3561,2,5931,293,39216
2026/3/11,11:30,38594,1318,11032,5524,312,1305,725,0,471,16227,0,80,0,-4498,2,5798,298,38594
2026/3/11,12:00,37188,1318,10527,5656,309,1278,724,0,469,16112,0,99,0,-5550,1,5964,281,37188
2026/3/11,12:30,36420,1318,10640,5218,305,1283,759,0,468,15723,0,98,0,-5665,1,5986,285,36419
2026/3/11,13:00,36846,1319,10813,5080,297,1258,754,0,467,14876,0,93,0,-4606,1,6213,280,36845
2026/3/11,13:30,36531,1319,10758,5026,297,1249,779,0,467,13657,0,90,0,-3661,2,6276,273,36532
2026/3/11,14:00,35942,1319,11009,5191,297,1248,1016,0,468,12002,0,84,0,-3228,2,6286,248,35942
2026/3/11,14:30,35509,1319,11720,5634,317,1253,1011,0,469,10261,0,86,0,-3148,1,6335,250,35508
2026/3/11,15:00,35486,1319,13074,6112,361,1279,1050,0,470,8310,0,74,0,-2615,1,5798,252,35485
2026/3/11,15:30,35889,1319,14062,6335,376,1313,1065,0,471,5957,0,65,0,-599,4,5271,250,35889
2026/3/11,16:00,36342,1319,16340,6762,375,1270,1113,0,470,3739,0,54,0,0,15,4611,274,36342
2026/3/11,16:30,37018,1319,19052,6999,406,1289,1137,0,471,1885,0,62,0,2,15,4120,260,37017
2026/3/11,17:00,37626,1319,21100,7035,406,1261,1172,0,470,582,0,62,0,263,29,3636,292,37627
2026/3/11,17:30,38666,1319,22195,7047,406,1264,1181,0,470,20,0,71,0,714,32,3666,282,38667
2026/3/11,18:00,39461,1319,22372,7084,405,1273,1191,0,474,0,0,87,0,1320,30,3615,291,39461
2026/3/11,18:30,39635,1319,22108,7088,406,1263,1196,0,473,0,0,82,0,1575,33,3804,286,39633
2026/3/11,19:00,39350,1319,22008,7086,406,1277,1179,0,475,0,0,70,0,1463,32,3749,285,39349
2026/3/11,19:30,39082,1319,21763,7087,407,1258,1206,0,475,0,0,61,0,1229,20,3959,298,39082
2026/3/11,20:00,38540,1319,21192,7088,406,1271,1212,0,479,0,0,64,0,1037,22,4160,290,38540
2026/3/11,20:30,38064,1319,20811,7086,406,1258,1206,0,480,0,0,60,0,925,14,4201,299,38065
2026/3/11,21:00,37063,1319,20260,7085,406,1264,1213,0,480,0,0,66,0,593,8,4111,259,37064
2026/3/11,21:30,35971,1319,19457,7086,407,1263,1210,0,480,0,0,66,0,398,2,4014,269,35971
2026/3/11,22:00,34959,1319,18931,7088,374,1247,1152,0,479,0,0,68,0,350,3,3723,225,34959
2026/3/11,22:30,33662,1319,17773,7084,373,1262,1120,0,475,0,0,65,0,20,2,3960,209,33662
2026/3/11,23:00,32474,1319,17100,7088,375,1266,1084,0,477,0,0,66,0,0,2,3497,199,32473
2026/3/11,23:30,31074,1319,15837,7087,373,1266,1074,0,480,0,0,70,0,0,2,3346,219,31073
2026/3/12,0:00,29866,1319,16261,7089,338,1254,726,0,482,0,0,98,0,0,0,2144,155,29866
2026/3/12,0:30,28655,1319,15420,7086,294,1269,734,0,485,0,0,111,0,0,0,1727,208,28653
2026/3/12,1:00,28124,1319,15206,7089,295,1253,737,0,483,0,0,118,0,0,0,1389,235,28124
2026/3/12,1:30,27858,1319,15087,7088,295,1247,740,0,483,0,0,127,0,0,0,1227,246,27859
2026/3/12,2:00,27763,1319,15057,7087,295,1260,738,0,483,0,0,132,0,0,0,1146,245,27762
2026/3/12,2:30,27767,1319,15118,7087,295,1258,736,0,483,0,0,141,0,0,0,1089,244,27770
2026/3/12,3:00,27939,1319,15283,7089,294,1265,721,0,484,0,0,151,0,0,0,1088,245,27939
2026/3/12,3:30,27943,1319,15176,7086,295,1266,718,0,487,0,0,156,0,0,0,1210,231,27944
2026/3/12,4:00,28263,1319,15611,7086,295,1271,716,0,483,0,0,145,0,0,0,1120,218,28264
2026/3/12,4:30,28659,1319,15862,7089,294,1333,713,0,483,0,0,146,0,0,0,1238,182,28659
2026/3/12,5:00,29754,1319,16434,7087,294,1412,976,0,482,0,0,143,0,0,0,1417,190,29754
2026/3/12,5:30,30910,1319,16925,7086,295,1435,1034,0,482,0,0,151,0,0,0,2041,142,30910
2026/3/12,6:00,32724,1319,18084,7086,294,1498,1080,0,484,50,0,121,0,0,6,2502,198,32722
2026/3/12,6:30,34106,1319,18406,7087,296,1534,1075,0,483,711,0,133,0,99,8,2737,218,34106
2026/3/12,7:00,35050,1319,17159,7091,297,1544,1051,0,485,2165,0,143,0,15,4,3495,283,35051
2026/3/12,7:30,35383,1319,14876,6990,296,1500,1022,0,485,4203,0,149,0,0,2,4289,254,35385
2026/3/12,8:00,36270,1319,14011,6213,297,1474,1025,0,480,6723,0,149,0,0,0,4282,298,36271
2026/3/12,8:30,37067,1319,13611,5942,296,1472,1012,0,478,9101,0,140,0,0,1,3390,305,37067
2026/3/12,9:00,37612,1319,12472,5840,296,1474,960,0,478,11369,0,141,0,0,3,2994,268,37614
2026/3/12,9:30,37736,1319,10705,5507,296,1490,959,0,478,13325,0,142,0,0,1,3219,295,37736
2026/3/12,10:00,37557,1319,9197,5122,296,1532,957,0,477,14796,0,133,0,-173,2,3622,277,37557
2026/3/12,10:30,37404,1314,9382,4878,296,1492,955,0,478,15853,0,135,0,-598,2,2920,299,37406
2026/3/12,11:00,37171,1314,9126,4607,296,1511,715,0,479,16473,0,125,0,-989,4,3241,269,37171
2026/3/12,11:30,36828,1315,9096,4562,295,1510,747,0,480,16776,0,117,0,-1791,5,3439,275,36826
2026/3/12,12:00,35555,1315,8758,4315,297,1486,757,0,478,16700,0,160,0,-2775,4,3799,261,35555
2026/3/12,12:30,34787,1316,9245,4261,295,1504,758,0,477,16199,0,159,0,-3230,4,3532,268,34788
2026/3/12,13:00,35266,1316,9671,4233,296,1516,758,0,474,15394,0,151,0,-2687,3,3873,268,35266
2026/3/12,13:30,34845,1316,9748,4194,295,1511,732,0,474,14206,0,152,0,-1774,5,3718,268,34845
2026/3/12,14:00,34378,1316,9791,4359,295,1500,959,0,473,12687,0,149,0,-1294,5,3880,259,34379
2026/3/12,14:30,34014,1312,10114,4513,315,1502,960,0,474,10937,0,155,0,-791,3,4263,257,34014
2026/3/12,15:00,33895,1311,10963,4892,359,1526,1066,0,473,8880,0,156,0,-547,1,4537,277,33894
2026/3/12,15:30,34348,1315,12852,5332,376,1503,1090,0,472,6511,0,166,0,0,0,4458,273,34348
2026/3/12,16:00,34935,1315,15128,6152,376,1493,1093,0,472,4154,0,146,0,103,14,4199,291,34936
2026/3/12,16:30,35593,1315,17479,6813,407,1507,1122,0,473,2106,0,151,0,12,15,3914,278,35592
2026/3/12,17:00,36364,1315,19325,7087,407,1515,1132,0,477,680,0,146,0,0,17,3965,297,36363
2026/3/12,17:30,37340,1315,20674,7088,407,1520,1138,0,477,28,0,125,0,268,21,3997,281,37339
2026/3/12,18:00,38393,1315,20748,7088,406,1499,1153,0,480,0,0,140,0,1292,26,3926,320,38393
2026/3/12,18:30,38534,1315,20690,7090,407,1474,1155,0,480,0,0,133,0,1729,28,3719,314,38534
2026/3/12,19:00,38358,1315,20203,7086,407,1468,1159,0,481,0,0,118,0,1809,28,3992,291,38357
2026/3/12,19:30,38053,1315,19610,7088,406,1466,1192,0,481,0,0,116,0,1998,15,4067,298,38052
2026/3/12,20:00,37659,1315,19092,7089,405,1507,1214,0,485,0,0,127,0,2018,14,4107,285,37658
2026/3/12,20:30,37262,1315,19561,7088,407,1482,1210,0,486,0,0,128,0,1173,13,4099,301,37263
2026/3/12,21:00,36497,1315,19713,7087,407,1490,1180,0,486,0,0,159,0,729,5,3673,254,36498
2026/3/12,21:30,35521,1315,18472,7085,407,1463,1176,0,486,0,0,147,0,665,0,4043,261,35520
2026/3/12,22:00,34623,1315,17723,7085,374,1412,1151,0,486,0,0,150,0,665,1,4041,220,34623
2026/3/12,22:30,33434,1315,16746,7085,373,1419,1093,0,482,0,0,144,0,665,0,3909,202,33433
2026/3/12,23:00,32472,1315,16935,6783,373,1388,1051,0,483,0,0,149,0,621,0,3224,150,32472
2026/3/12,23:30,31254,1315,15772,6637,375,1384,1033,0,482,0,0,157,0,426,0,3500,174,31255
2026/3/13,0:00,30012,1315,16220,6609,336,1399,679,0,478,0,0,171,0,214,0,2429,162,30012
2026/3/13,0:30,28997,1315,15313,6429,294,1441,681,0,481,0,0,193,0,0,2,2628,220,28997
2026/3/13,1:00,28565,1315,14942,6264,295,1436,681,0,479,0,0,173,0,0,1,2755,224,28565
2026/3/13,1:30,28377,1315,15054,6200,294,1411,681,0,479,0,0,181,0,0,2,2522,237,28376
2026/3/13,2:00,28272,1315,15645,6096,296,1430,680,0,479,0,0,179,0,0,0,1916,237,28273
2026/3/13,2:30,28380,1315,16008,6089,295,1465,681,0,479,0,0,184,0,0,2,1586,276,28380
2026/3/13,3:00,28461,1315,16174,6088,295,1455,673,0,480,0,0,179,0,0,0,1525,277,28461
2026/3/13,3:30,28487,1315,16176,6088,295,1455,678,0,483,0,0,173,0,0,1,1559,264,28487
2026/3/13,4:00,28799,1315,16362,6088,294,1447,837,0,480,0,0,165,0,0,0,1560,251,28799
2026/3/13,4:30,29312,1315,16797,6087,294,1450,841,0,479,0,0,166,0,0,1,1666,215,29311
2026/3/13,5:00,30386,1315,17314,6088,293,1444,972,0,479,0,0,157,0,0,2,2098,224,30386
2026/3/13,5:30,31589,1315,18173,6084,294,1448,977,0,479,0,0,157,0,0,0,2482,179,31588
2026/3/13,6:00,33225,1315,18983,6087,295,1414,1010,0,480,58,0,135,0,0,1,3237,211,33226
2026/3/13,6:30,34790,1315,19700,6090,296,1432,1010,0,480,679,0,133,0,109,10,3307,230,34791
2026/3/13,7:00,36138,1315,19531,6087,297,1371,993,0,482,1609,0,140,0,438,4,3661,211,36139
2026/3/13,7:30,37066,1315,19193,6090,296,1345,998,0,481,2633,0,140,0,294,2,4084,196,37067
2026/3/13,8:00,37984,1315,19256,6091,296,1374,868,0,476,4024,0,146,0,23,1,3882,232,37984
2026/3/13,8:30,38890,1315,17978,6091,297,1399,873,0,474,6070,0,154,0,0,0,3999,240,38890
2026/3/13,9:00,40180,1315,17517,6036,299,1414,922,0,471,8476,0,159,0,0,0,3348,223,40180
2026/3/13,9:30,40094,1315,16813,5759,298,1447,912,0,470,9560,0,165,0,0,0,3105,249,40093
2026/3/13,10:00,39264,1315,14739,5452,298,1468,896,0,469,10586,0,170,0,0,1,3630,239,39263
2026/3/13,10:30,39293,1315,13716,4692,296,1416,894,0,470,11939,0,178,0,-110,1,4227,259,39293
2026/3/13,11:00,39524,1315,13844,4419,297,1436,772,0,471,12445,0,179,0,-134,1,4220,260,39525
2026/3/13,11:30,39111,1315,14047,4283,296,1450,770,0,471,11881,0,172,0,-133,1,4295,262,39110
2026/3/13,12:00,37614,1315,13748,4257,297,1445,664,0,470,10831,0,213,0,-132,1,4254,250,37613
2026/3/13,12:30,37090,1315,14358,4422,297,1473,669,0,472,9818,0,207,0,-131,1,3926,263,37090
2026/3/13,13:00,38725,1315,16122,4771,296,1445,657,0,470,8647,0,206,0,131,2,4403,258,38723
2026/3/13,13:30,38168,1315,16528,5449,297,1439,657,0,470,6492,0,191,0,724,2,4348,256,38168
2026/3/13,14:00,37322,1315,16878,5982,296,1417,658,0,469,5030,0,174,0,423,3,4412,265,37322
2026/3/13,14:30,37444,1315,17687,6040,316,1406,665,0,470,4326,0,152,0,406,2,4390,269,37444
2026/3/13,15:00,37783,1315,18596,6110,360,1428,981,0,472,3419,0,135,0,307,0,4393,269,37785
2026/3/13,15:30,38095,1315,19902,6134,407,1433,996,0,472,2202,0,133,0,446,0,4376,279,38095
2026/3/13,16:00,38408,1315,20861,6128,407,1407,1010,0,471,1231,0,121,0,866,15,4315,259,38406
2026/3/13,16:30,38702,1315,21418,6122,407,1435,1001,0,472,587,0,116,0,1276,25,4280,248,38702
2026/3/13,17:00,39163,1315,21901,6123,406,1509,1036,0,475,181,0,122,0,1475,28,4334,258,39163
2026/3/13,17:30,39823,1315,21928,6122,406,1492,1040,0,475,9,0,119,0,2736,34,3900,247,39823
2026/3/13,18:00,40036,1315,21911,6121,406,1484,975,0,477,0,0,134,0,2976,34,3952,252,40037
2026/3/13,18:30,39755,1315,22305,6123,407,1445,973,0,478,0,0,144,0,2377,32,3909,246,39754
2026/3/13,19:00,39280,1315,22356,6118,407,1430,1000,0,479,0,0,162,0,1635,30,4099,248,39279
2026/3/13,19:30,38716,1315,22602,5983,406,1453,1005,0,479,0,0,171,0,1081,16,3950,256,38717
2026/3/13,20:00,38054,1315,22671,5609,407,1513,974,0,486,0,0,190,0,782,13,3844,249,38053
2026/3/13,20:30,37507,1315,22493,5450,407,1473,967,0,486,0,0,196,0,804,7,3657,252,37507
2026/3/13,21:00,36482,1315,21660,5405,405,1458,958,0,487,0,0,210,0,417,5,3909,254,36483
2026/3/13,21:30,35376,1315,21190,5259,406,1453,916,0,487,0,0,205,0,273,2,3609,261,35376
2026/3/13,22:00,34561,1315,21369,5144,374,1442,835,0,486,0,0,193,0,273,0,2887,243,34561
2026/3/13,22:30,33423,1288,20560,5143,374,1429,774,0,483,0,0,185,0,272,0,2659,256,33423
2026/3/13,23:00,32321,1158,19935,5035,375,1415,643,0,484,0,0,193,0,116,4,2708,256,32322
2026/3/13,23:30,30960,974,18881,4941,374,1405,634,0,483,0,0,203,0,0,0,2861,205,30961
2026/3/14,0:00,29763,770,16723,4837,405,1405,532,0,477,0,0,221,0,0,2,4189,202,29763
2026/3/14,0:30,28652,608,15379,4994,405,1419,549,0,480,0,0,249,0,0,2,4313,255,28653
2026/3/14,1:00,27948,566,15202,5128,405,1390,551,0,477,0,0,249,0,0,0,3671,309,27948
2026/3/14,1:30,27609,516,15643,5111,406,1422,555,0,478,0,0,258,0,0,0,2899,321,27609
2026/3/14,2:00,27312,453,15338,5110,405,1427,549,0,477,0,0,269,0,0,0,2955,330,27313
2026/3/14,2:30,27384,338,16147,5110,405,1431,551,0,478,0,0,268,0,-163,0,2491,327,27383
2026/3/14,3:00,27412,316,15999,5110,405,1416,572,0,480,0,0,258,0,-740,0,3273,323,27412
2026/3/14,3:30,27235,290,15774,5109,405,1405,574,0,483,0,0,272,0,-751,0,3358,314,27233
2026/3/14,4:00,27395,220,16003,5111,406,1374,575,0,479,0,0,272,0,-751,0,3411,296,27396
2026/3/14,4:30,27497,171,16535,5184,406,1400,556,0,479,0,0,272,0,-751,0,2977,268,27497
2026/3/14,5:00,28035,168,16793,5209,404,1405,563,0,478,0,0,277,0,-490,1,3000,227,28035
2026/3/14,5:30,28376,163,16344,5210,406,1409,566,0,478,0,0,278,0,0,4,3327,191,28376
2026/3/14,6:00,29092,160,16580,5210,405,1384,596,0,479,67,0,253,0,212,15,3493,238,29092
2026/3/14,6:30,29429,159,16289,5039,406,1414,626,0,478,936,0,258,0,196,6,3356,267,29430
2026/3/14,7:00,29858,162,15494,4656,406,1318,614,0,480,2487,0,267,0,207,0,3460,307,29858
2026/3/14,7:30,29881,165,12451,4306,406,1249,623,0,477,4575,0,260,0,842,2,4231,294,29881
2026/3/14,8:00,29910,166,10141,3765,296,1188,602,0,424,7196,0,262,0,1166,1,4398,304,29909
2026/3/14,8:30,30265,169,9241,3227,296,1136,600,0,425,9707,0,267,0,612,0,4270,314,30264
2026/3/14,9:00,30694,172,8503,2820,295,1104,594,0,424,11768,0,275,0,52,13,4379,296,30695
2026/3/14,9:30,30703,175,7718,2545,296,1068,601,0,424,13390,0,280,0,-344,11,4232,307,30703
2026/3/14,10:00,30690,178,7722,2462,295,1073,602,0,422,14708,0,279,0,-1718,11,4366,290,30690
2026/3/14,10:30,30597,182,8312,2455,296,1023,592,0,422,15641,0,283,0,-3136,6,4217,303,30596
2026/3/14,11:00,30566,184,8591,2458,296,1048,585,0,423,16263,0,272,0,-3567,1,3712,300,30566
2026/3/14,11:30,30324,132,7993,2413,296,1096,586,0,418,16484,0,240,0,-3197,1,3558,304,30324
2026/3/14,12:00,29790,32,7693,2384,295,1069,614,0,411,16440,0,228,0,-3631,1,3953,301,29790
2026/3/14,12:30,29216,0,7911,2386,296,1058,625,0,403,16174,0,219,0,-4175,1,4013,304,29215
2026/3/14,13:00,28888,0,7961,2384,295,1073,603,0,396,15459,0,214,0,-3827,1,4024,304,28887
2026/3/14,13:30,28205,0,7746,2355,296,1103,559,0,390,14372,0,215,0,-3344,1,4209,304,28206
2026/3/14,14:00,27626,0,7925,2371,296,1097,567,0,385,12931,0,205,0,-2499,0,4047,299,27624
2026/3/14,14:30,27088,0,8308,2481,296,1100,572,0,383,11188,0,193,0,-2023,6,4279,305,27088
2026/3/14,15:00,27226,0,8821,2697,297,1149,579,0,384,9174,0,186,0,-597,0,4233,303,27226
2026/3/14,15:30,27569,0,9526,3182,296,1171,596,0,383,6768,0,159,0,893,0,4296,298,27568
2026/3/14,16:00,28188,0,11582,3902,400,1233,605,0,409,4272,0,141,0,1767,11,3563,303,28188
2026/3/14,16:30,28853,0,13865,4442,400,1311,636,0,410,2203,0,128,0,762,20,4380,296,28853
2026/3/14,17:00,29688,0,15741,5133,400,1397,693,0,414,745,0,130,0,243,23,4470,298,29687
2026/3/14,17:30,30931,0,17372,5585,400,1390,698,0,415,42,0,119,0,801,26,3788,295,30931
2026/3/14,18:00,32259,0,18039,5620,402,1373,742,0,417,0,0,120,0,1797,20,3422,307,32259
2026/3/14,18:30,32578,0,18266,5624,401,1380,723,0,418,0,0,129,0,2111,21,3201,304,32578
2026/3/14,19:00,32655,0,18250,5622,402,1423,754,0,417,0,0,134,0,1967,20,3360,306,32655
2026/3/14,19:30,32522,0,18197,5623,402,1428,756,0,418,0,0,129,0,1732,23,3507,307,32522
2026/3/14,20:00,32310,0,18013,5622,401,1420,707,0,422,0,0,131,0,1527,23,3740,305,32311
2026/3/14,20:30,32045,0,17981,5623,402,1429,696,0,422,0,0,140,0,1408,17,3617,310,32045
2026/3/14,21:00,31464,0,17531,5553,403,1420,654,0,422,0,0,144,0,940,4,4093,299,31463
2026/3/14,21:30,30734,0,16973,5522,404,1389,646,0,423,0,0,148,0,805,2,4115,308,30735
2026/3/14,22:00,30187,0,17198,5524,404,1392,604,0,421,0,0,144,0,762,2,3441,294,30186
2026/3/14,22:30,29321,0,16296,5522,404,1395,570,0,418,0,0,131,0,666,4,3613,303,29322
